"StimulusNo","ImageCode","Description","Valence","Arousal","Dominance1","Cluster","MembershipUncertainty","Under75thQuantile"
1,"1930.0","Shark",3.79,6.42,3.19,1,0.000000002,TRUE
2,"1050.0","Snake",3.46,6.87,3.08,1,0.00000002,TRUE
3,"5972.0","Tornado",3.85,6.34,3.49,1,0.000000054,TRUE
4,"1931.0","Shark",4,6.8,3.51,1,0.000000127,TRUE
5,"1321.0","Bear",4.32,6.64,3.51,1,0.000000522,TRUE
6,"1070.0","Snake",3.96,6.16,3.71,1,0.000000535,TRUE
7,"5971.0","Tornado",3.49,6.65,3.3,1,0.000000594,TRUE
8,"1033.0","Snake",3.87,6.13,3.73,1,0.000000788,TRUE
9,"9831.0","Cigarette",2.95,4.61,6.04,1,0.000000861,TRUE
10,"9832.0","Cigarettes",2.94,4.46,5.53,1,0.000001447,TRUE
11,"9230.0","OilFire",3.89,5.77,3.73,1,0.00000145,TRUE
12,"1300.0","PitBull",3.55,6.79,3.49,1,0.000001618,TRUE
13,"1052.0","Snake",3.5,6.52,3.36,1,0.000001646,TRUE
14,"5940.0","Lava",4.23,6.29,3.7,1,0.000001774,TRUE
15,"1040.0","Snake",3.99,6.25,3.92,1,0.000003778,TRUE
16,"1120.0","Snake",3.79,6.93,3.87,1,0.000004027,TRUE
17,"1110.0","Snake",3.84,5.96,3.84,1,0.000004479,TRUE
18,"1051.0","Snake",3.8,5.95,3.8,1,0.000005692,TRUE
19,"1113.0","Snake",3.81,6.06,3.91,1,0.000010568,TRUE
20,"1022.0","Snake",4.26,6.02,3.9,1,0.000010914,TRUE
21,"1304.0","AttackDog",3.37,6.37,3.29,1,0.000012124,TRUE
22,"1302.0","Dog",4.21,6,4.04,1,0.000025488,TRUE
23,"1101.0","Snake",4.1,5.83,4.13,1,0.000026997,TRUE
24,"6832.0","Police",4.02,5.51,4.16,1,0.000029099,TRUE
25,"1090.0","Snake",3.7,5.88,3.82,1,0.000039081,TRUE
26,"1019.0","Snake",3.95,5.77,4.23,1,0.000045065,TRUE
27,"3022.0","Scream",3.7,5.88,3.84,1,0.00004594,TRUE
28,"2681.0","Police",4.04,4.97,3.84,1,0.000066458,TRUE
29,"6000.0","Prison",4.04,4.91,3.77,1,0.000083389,TRUE
30,"1200.0","Spider",3.95,6.03,4.33,1,0.000091131,TRUE
31,"8480.0","BikerOnFire",3.7,6.28,4,1,0.000091638,TRUE
32,"9008.0","Needle",3.47,4.45,5.3,1,0.000124739,TRUE
33,"9403.0","Soldiers",3.51,5.62,3.49,1,0.000129083,TRUE
34,"9395.0","Dishes",3.21,4.22,5.08,1,0.000135734,TRUE
35,"1301.0","Dog",3.7,5.77,3.96,1,0.000141499,TRUE
36,"9582.0","DentalExam",4.18,5.29,4.33,1,0.000175678,TRUE
37,"2900.1","CryingBoy",2.56,4.61,4.83,1,0.000193844,TRUE
38,"3211.0","Surgery",4.15,5.72,4.4,1,0.000209757,TRUE
39,"1080.0","Snake",4.24,5.69,4.33,1,0.000210358,TRUE
40,"1201.0","Spider",3.55,6.36,3.87,1,0.00024905,TRUE
41,"2661.0","Baby",3.9,5.76,4.48,1,0.000291946,TRUE
42,"3360.0","Fetus",3.78,5.39,4.18,1,0.000322038,TRUE
43,"7640.0","Skyscraper",5,6.03,3.82,1,0.000328586,TRUE
44,"9101.0","Cocaine",3.62,4.02,5.35,1,0.000341873,TRUE
45,"6190.0","Aimedgun",3.57,5.64,3.77,1,0.000344687,TRUE
46,"9290.0","Garbage",2.88,4.4,4.9,1,0.000349866,TRUE
47,"2722.0","Jail",3.47,3.52,5.34,1,0.00035068,TRUE
48,"3280.0","DentalExam",3.72,5.39,4.06,1,0.000402822,TRUE
49,"9390.0","Dishes",3.67,4.14,5.22,1,0.000424199,TRUE
50,"3310.0","Incubator",4.37,5.43,4.32,1,0.000450603,TRUE
51,"1270.0","Roach",3.68,4.77,5.25,1,0.000465498,TRUE
52,"9270.0","ToxicWaste",3.72,5.24,4.04,1,0.000512942,TRUE
53,"9930.0","ShipWave",3.12,5.71,2.97,1,0.000550431,TRUE
54,"6211.0","Attack",3.62,5.9,4.03,1,0.000552891,TRUE
55,"1275.0","Roaches",3.3,4.81,5.11,1,0.000697465,TRUE
56,"2115.0","PiercedFace",3.83,4.98,4.87,1,0.000842234,TRUE
57,"7023.0","Garbage",3.8,4.17,5.16,1,0.000868614,TRUE
58,"6010.0","Jail",3.73,3.95,5.08,1,0.000886771,TRUE
59,"9331.0","HomelessMan",2.87,3.85,4.72,1,0.000908444,TRUE
60,"1505.0","DogRace",4.13,4.73,4.49,1,0.000975163,TRUE
61,"1280.0","Rat",3.66,4.93,5.05,1,0.000982533,TRUE
62,"3210.0","Surgery",4.49,5.39,4.3,1,0.000999873,TRUE
63,"7360.0","FliesOnPie",3.59,5.11,5.21,1,0.001034584,TRUE
64,"9445.0","Skeleton",3.87,4.49,4.51,1,0.001040775,TRUE
65,"9594.0","Injection",3.76,5.17,4.43,1,0.00107692,TRUE
66,"1030.0","Snake",4.3,5.46,4.56,1,0.001082138,TRUE
67,"7521.0","Hospital",3.92,4.38,4.85,1,0.001090492,TRUE
68,"9630.0","Bomb",2.96,6.06,2.98,1,0.001128473,TRUE
69,"3250.0","OpenChest",3.78,6.29,4.45,1,0.001137449,TRUE
70,"7520.0","Hospital",3.83,4.57,4.42,1,0.001200123,TRUE
71,"9045.0","NativeFem",3.75,3.89,5.03,1,0.001259169,TRUE
72,"6314.0","Attack",4.09,4.6,4.58,1,0.001314456,TRUE
73,"8231.0","Boxer",3.77,5.24,4.68,1,0.001333691,TRUE
74,"6240.0","Gun",3.79,5.27,4.9,1,0.001354821,TRUE
75,"5920.0","Volcano",5.16,6.23,3.95,1,0.001373347,TRUE
76,"6550.0","Attack",2.73,7.09,3.01,1,0.001374375,TRUE
77,"9110.0","Puddle",3.76,3.98,4.88,1,0.001418885,TRUE
78,"4635.0","Prostitute",3.86,4.23,4.7,1,0.001501331,TRUE
79,"9490.0","Corpse",3.6,5.57,4.12,1,0.001687228,TRUE
80,"9005.0","HIVTattoo",3.69,5.18,4.3,1,0.001696588,TRUE
81,"2457.0","CryingBoy",3.2,4.94,5.02,1,0.001832471,TRUE
82,"2110.0","AngryFace",3.71,4.53,4.66,1,0.001846255,TRUE
83,"9265.0","HungMan",2.6,4.34,4.6,1,0.00184999,TRUE
84,"6930.0","Missiles",4.39,4.88,4,1,0.001920927,TRUE
85,"7079.0","Waste",3.81,4.47,4.19,1,0.001956767,TRUE
86,"7078.0","Bucket",3.79,3.69,5.41,1,0.001957495,TRUE
87,"6610.0","Gun",3.6,5.06,4.97,1,0.001961732,TRUE
88,"9440.0","Skulls",3.67,4.55,4.69,1,0.002060538,TRUE
89,"9291.0","Garbage",2.93,4.38,4.75,1,0.002078702,TRUE
90,"9182.0","Horses",3.52,4.98,4.97,1,0.002108092,TRUE
91,"2312.0","Mother",3.71,4.02,4.72,1,0.002218706,TRUE
92,"3190.0","Scar",3.69,5.01,4.53,1,0.002287322,TRUE
93,"1310.0","Leopard",4.6,6,4.37,1,0.002430068,TRUE
94,"9404.0","Soldiers",3.71,4.67,4.48,1,0.002490603,TRUE
95,"7092.0","Scale",4.05,4.38,4.99,1,0.002618894,TRUE
96,"9596.0","Injection",3.65,5.13,4.31,1,0.00268586,TRUE
97,"2130.0","Woman",4.08,5.02,5.1,1,0.002801185,TRUE
98,"7137.0","CarDamage",4.3,4.81,4.5,1,0.002962109,TRUE
99,"2039.0","Woman",3.65,3.46,5.06,1,0.003079544,TRUE
100,"9080.0","Wires",4.07,4.36,4.05,1,0.003146668,TRUE
101,"9150.0","Matador",4.54,5.31,4.48,1,0.003297683,TRUE
102,"9090.0","Exhaust",3.625,4.385,4.615,1,0.003561929,TRUE
103,"9623.0","Fire",3.04,6.05,3.26,1,0.003732393,TRUE
104,"1240.0","Spider",4.22,4.92,4.95,1,0.003733499,TRUE
105,"2490.0","Man",3.32,3.95,4.72,1,0.003744393,TRUE
106,"2752.0","Alcoholic",4.07,4.3,4.84,1,0.004029394,TRUE
107,"3300.0","DisabledChild",2.74,4.55,4.64,1,0.004110516,TRUE
108,"7560.0","Freeway",4.47,5.24,4.63,1,0.004241091,TRUE
109,"9010.0","BarbedWire",3.94,4.14,4.06,1,0.005028035,TRUE
110,"9373.0","Garbage",3.38,5.01,4.86,1,0.005087722,TRUE
111,"9190.0","Woman",3.9,3.91,4.89,1,0.005176091,TRUE
112,"9469.0","Building",4,4.08,4.92,1,0.005418208,TRUE
113,"2750.0","Bum",2.56,4.31,4.48,1,0.005540549,TRUE
114,"2682.0","Police",3.69,4.48,4.02,1,0.006096459,TRUE
115,"9621.0","Ship",3.22,5.76,3.55,1,0.006211105,TRUE
116,"9912.0","Firefighter",3.46,4.68,4.62,1,0.007127932,TRUE
117,"6837.0","Police",4.25,4.5,4.43,1,0.008462662,TRUE
118,"1390.0","Bees",4.5,5.29,4.75,1,0.008488281,TRUE
119,"1274.0","Roaches",3.17,5.39,5.03,1,0.009151602,TRUE
120,"6410.0","AimedGun",3.49,5.89,4.29,1,0.009606836,TRUE
121,"6370.0","Attack",2.7,6.44,3,1,0.00961449,TRUE
122,"9046.0","Family",3.32,4.31,4.61,1,0.009747758,TRUE
123,"2525.0","Women",4.06,3.93,5.32,1,0.010018769,TRUE
124,"6020.0","ElectricChair",3.41,5.58,4.07,1,0.010508013,TRUE
125,"8160.0","RockClimber",5.07,6.97,4.05,1,0.010735899,TRUE
126,"9102.0","Heroin",3.34,4.84,4.64,1,0.011061642,TRUE
127,"9031.0","Mud",3.01,4.82,4.68,1,0.01139119,TRUE
128,"7136.0","CarBoot",3.47,5.01,3.98,1,0.011782882,TRUE
129,"6840.0","Police",3.63,5.95,4.72,1,0.011969379,TRUE
130,"9402.0","Mob",4.48,5.07,4.85,1,0.012031436,TRUE
131,"9480.0","Skull",3.51,5.57,4.56,1,0.012066496,TRUE
132,"1111.0","Snakes",3.25,5.2,4.8,1,0.013249888,TRUE
133,"2692.0","Bomb",3.36,5.35,3.87,1,0.013331385,TRUE
134,"2520.0","ElderlyMan",4.13,4.22,4.44,1,0.013426721,TRUE
135,"6836.0","Police",3.46,5.47,4.39,1,0.013632626,TRUE
136,"9145.0","Cow",3.2,5.05,4.73,1,0.013682157,TRUE
137,"9561.0","SickKitty",2.68,4.79,4.53,1,0.015151018,TRUE
138,"1220.0","Spider",3.47,5.57,4.54,1,0.015751552,TRUE
139,"9160.0","Soldier",3.23,5.87,3.8,1,0.016283477,TRUE
140,"6241.0","Gun",3.42,4.54,4.44,1,0.017415509,TRUE
141,"6244.0","AimedGun",3.09,5.68,3.43,1,0.018226991,TRUE
142,"9622.0","Jet",3.1,6.26,3.66,1,0.018721334,TRUE
143,"2400.0","Woman",4.21,4.2,5.02,1,0.020061688,TRUE
144,"9186.0","Vultures",3.43,4.88,4.23,1,0.020969417,TRUE
145,"2120.0","AngryFace",3.34,5.18,4.52,1,0.022279821,TRUE
146,"6210.0","AimedGun",2.95,6.34,3.46,1,0.022906571,TRUE
147,"9120.0","OilFires",3.2,5.77,3.79,1,0.024106474,TRUE
148,"1230.0","Spider",4.35,4.44,5.09,1,0.025017169,TRUE
149,"6561.0","Attack",3.16,4.99,4.58,1,0.02592682,TRUE
150,"7497.0","Crowd",5.19,4.97,4.26,1,0.026778764,TRUE
151,"7013.0","Lightbulb",4.2,4.11,5.03,1,0.027752751,TRUE
152,"2753.0","Alcoholic",3.17,4.29,4.48,1,0.028033484,TRUE
153,"1202.0","Spider",3.35,5.94,4.23,1,0.028950371,TRUE
154,"9592.0","Injection",3.34,5.23,4.14,1,0.029126308,TRUE
155,"2810.0","Boy",4.31,4.47,5.69,1,0.030673603,TRUE
156,"6200.0","AimedGun",2.955,6.015,3.42,1,0.030891088,TRUE
157,"3181.0","BatteredFem",2.3,5.06,4.31,1,0.031336986,TRUE
158,"2276.0","Girl",2.67,4.63,4.4,1,0.033479956,TRUE
159,"2280.0","Boy",4.22,3.77,5.7,1,0.035573662,TRUE
160,"2271.0","Woman",4.2,3.74,5.66,1,0.036905575,TRUE
161,"2700.0","Woman",3.19,4.77,4.44,1,0.037155089,TRUE
162,"9941.0","Fire",2.91,5.83,3.28,1,0.037244935,TRUE
163,"9411.0","Boy",4.63,5.37,4.91,1,0.039268336,TRUE
164,"9584.0","DentalExam",3.34,4.96,3.94,1,0.039703194,TRUE
165,"9180.0","Seal",2.99,5.02,4.52,1,0.042593433,TRUE
166,"4621.0","Harassment",3.19,4.92,4.37,1,0.050815586,TRUE
167,"7135.0","CarDamage",3.17,5.36,3.76,1,0.057252238,TRUE
168,"9041.0","ScaredChild",2.98,4.64,4.38,1,0.062953565,TRUE
169,"9002.0","Memorial",3.39,4.55,4.03,1,0.063709879,TRUE
170,"9571.0","Cat",1.96,5.64,4.17,1,0.064219121,TRUE
171,"7290.0","Fish",4.37,3.87,5.85,1,0.068605213,TRUE
172,"7632.0","Airplane",5.22,4.78,4.4,1,0.068718937,TRUE
173,"7361.0","MeatSlicer",3.1,5.09,4.38,1,0.069362857,TRUE
174,"9468.0","Grafitti",4.67,4.68,4.58,1,0.071646974,TRUE
175,"1271.0","Roaches",3.19,5.37,4.2,1,0.072581562,TRUE
176,"4664.2","Attack",2.79,6.13,3.33,1,0.074179348,TRUE
177,"9330.0","Garbage",2.89,4.35,4.33,1,0.078455165,TRUE
178,"6220.0","BoysW/Guns",3.1,5.89,3.92,1,0.082156334,TRUE
179,"9452.0","Gun",3.19,5.14,4.09,1,0.082671171,TRUE
180,"9599.0","Injection",3.16,5.43,4.22,1,0.085310582,TRUE
181,"2206.0","Fingerprint",4.06,3.71,4.46,1,0.096223237,TRUE
182,"2458.0","CryingBaby",4.69,5.28,5.06,1,0.096418317,TRUE
183,"2590.0","ElderlyWoman",3.26,3.93,4.31,1,0.106269288,TRUE
184,"9340.0","Garbage",2.41,5.16,4.24,1,0.107810356,FALSE
185,"8010.0","Runner",4.38,4.12,5.17,1,0.107843877,FALSE
186,"1303.0","Dog",4.68,5.7,4.98,1,0.120602864,FALSE
187,"9042.0","StickThruLip",3.15,5.78,4.37,1,0.121022137,FALSE
188,"9530.0","Boys",2.93,5.2,4.32,1,0.128496804,FALSE
189,"9590.0","Injecting",3.08,5.41,4,1,0.129714804,FALSE
190,"1645.0","Wolf",4.99,5.14,4.74,1,0.133315143,FALSE
191,"9620.0","Shipwreck",2.7,6.11,3.29,1,0.13506281,FALSE
192,"6213.0","Terrorist",2.91,5.86,3.62,1,0.138437588,FALSE
193,"9470.0","Ruins",3.05,5.05,4.11,1,0.157849737,FALSE
194,"1945.0","Turtle",4.59,4.42,5.57,1,0.159598979,FALSE
195,"9007.0","Needles",2.49,5.03,4.18,1,0.161165418,FALSE
196,"3180.0","BatteredFem",1.92,5.77,4.05,1,0.162974127,FALSE
197,"9415.0","Handicapped",2.82,4.91,4.22,1,0.16888363,FALSE
198,"9422.0","Battleship",4.95,5.09,4.89,1,0.187958712,FALSE
199,"9417.0","Ticket",3.16,4.83,3.7,1,0.193537143,FALSE
200,"2691.0","Riot",3.04,5.85,4.39,1,0.207114967,FALSE
201,"9043.0","Teeth",2.52,5.5,4.29,1,0.208284272,FALSE
202,"1112.0","Snake",4.71,4.6,5.27,1,0.221319669,FALSE
203,"7380.0","RoachOnPizza",2.46,5.88,4.49,1,0.227983706,FALSE
204,"6830.0","Guns",2.82,6.21,3.67,1,0.228454579,FALSE
205,"2456.0","CryingFamily",2.84,4.55,4.15,1,0.230425585,FALSE
206,"3185.0","Stitches",2.81,5.48,4.24,1,0.246199628,FALSE
207,"3301.0","InjuredChild",1.8,5.21,3.71,1,0.247698942,FALSE
208,"6571.0","CarTheft",2.85,5.59,3.56,1,0.249991211,FALSE
209,"2301.0","KidCry",2.78,4.57,4.13,1,0.25147833,FALSE
210,"8230.0","Boxer",2.95,5.91,4.05,1,0.25806378,FALSE
211,"6834.0","Police",2.91,6.28,3.9,1,0.277087397,FALSE
212,"2230.0","SadFace",4.53,4.13,4.8,1,0.281838451,FALSE
213,"9430.0","Burial",2.63,5.26,4.14,1,0.284774204,FALSE
214,"1820.0","Crocodile",5.35,5.67,4.66,1,0.285596512,FALSE
215,"9181.0","DeadCows",2.26,5.39,4.04,1,0.290502023,FALSE
216,"9909.0","BurningCar",2.78,5.98,3.67,1,0.306723583,FALSE
217,"3213.0","Surgery",2.96,6.82,3.92,1,0.31975866,FALSE
218,"1908.0","Jellyfish",5.28,4.88,4.75,1,0.331013362,FALSE
219,"9280.0","Smoke",2.8,4.26,4.1,1,0.338189577,FALSE
220,"9610.0","Accident",2.89,5.23,3.82,1,0.34434321,FALSE
221,"9491.0","DeadBody",2.78,5.69,3.64,1,0.347112818,FALSE
222,"3160.0","EyeDisease",2.63,5.35,4.08,1,0.358525316,FALSE
223,"4233.0","Prostitute",4.56,3.96,5.61,1,0.362733389,FALSE
224,"2751.0","DrunkDriving",2.67,5.18,4.01,1,0.391091632,FALSE
225,"6540.0","Attack",2.19,6.83,3.02,1,0.399386013,FALSE
226,"3019.0","Organs",2.99,6.3,4.25,1,0.416946988,FALSE
227,"9321.0","Vomit",2.81,6.24,3.9,1,0.421449916,FALSE
228,"4230.0","Prostitute",4.86,4.7,5.38,1,0.424026599,FALSE
229,"8121.0","Athlete",4.63,4.14,5.3,1,0.428737309,FALSE
230,"9520.0","Kids",2.46,5.41,4.01,1,0.42970857,FALSE
231,"2410.0","Boy",4.62,4.13,5,1,0.429775026,FALSE
232,"2345.1","BlackEye",2.26,5.5,3.96,1,0.433024973,FALSE
233,"9611.0","PlaneCrash",2.71,5.75,3.67,1,0.439357647,FALSE
234,"9050.0","PlaneCrash",2.43,6.36,3.27,1,0.443778946,FALSE
235,"9905.0","CarAccident",2.55,5.93,3.33,1,0.448759768,FALSE
236,"9920.0","CarAccident",2.5,5.76,3.09,1,0.454450219,FALSE
237,"2141.0","GrievingFem",2.44,5,3.92,1,0.469382764,FALSE
238,"6831.0","Police",2.59,5.55,3.99,1,0.477779854,FALSE
239,"9253.0","Mutilation",2,5.53,3.77,1,0.48506186,FALSE
240,"9140.0","Cow",2.19,5.38,3.85,1,0.490471023,FALSE
241,"9922.0","Fire",2.78,5.21,3.72,1,0.49787033,FALSE
242,"4631.0","BikerCouple",5.36,5.19,4.87,1,0.50370197,FALSE
243,"7920.0","CarCrash",4.51,3.87,5.2,1,0.511416833,FALSE
244,"9401.0","Knives",4.53,3.88,5.29,1,0.517298278,FALSE
1,"5301.0","Galaxy",6.54,5.21,4.06,2,0.001073592,TRUE
2,"1650.0","Jaguar",6.65,6.23,4.29,2,0.002234877,TRUE
3,"2050.0","Baby",8.2,4.57,7.71,2,0.002993239,TRUE
4,"1810.0","Hippo",6.52,4.45,4.55,2,0.003845426,TRUE
5,"1720.0","Lion",6.79,5.32,4.63,2,0.005560607,TRUE
6,"5991.0","Sky",6.55,4.01,4.78,2,0.009872293,TRUE
7,"5760.0","Nature",8.05,3.22,7.49,2,0.010131601,TRUE
8,"5990.0","Sky",6.54,4.44,4.7,2,0.010612086,TRUE
9,"8400.0","Rafters",7.09,6.61,4.63,2,0.013742259,TRUE
10,"2260.0","NeutBaby",8.06,4.26,7.47,2,0.014347158,TRUE
11,"5870.0","Clouds",6.78,3.1,5.2,2,0.02831353,TRUE
12,"8492.0","Rollercoaster",7.21,7.31,4.63,2,0.034153044,TRUE
13,"5470.0","Astronaut",7.35,6.02,4.96,2,0.034431135,TRUE
14,"2040.0","Baby",8.17,4.64,7.33,2,0.035854044,TRUE
15,"5950.0","Lightning",5.99,6.79,3.56,2,0.059391116,TRUE
16,"5010.0","Flower",7.14,3,7.4,2,0.090149432,TRUE
17,"4700.0","Couple",6.91,4.05,5.35,2,0.126319909,TRUE
18,"2360.0","Family",7.7,3.66,6.92,2,0.152611628,TRUE
19,"8180.0","CliffDivers",7.12,6.59,4.97,2,0.172624173,TRUE
20,"1721.0","Lion",7.3,4.53,5.57,2,0.180106051,TRUE
21,"5220.0","Nature",7.01,3.91,5.53,2,0.187465973,TRUE
22,"2530.0","Couple",7.8,3.99,5.99,2,0.188125183,TRUE
23,"7492.0","Ferry",7.41,4.91,5.55,2,0.191300249,TRUE
24,"2540.0","Mother",7.63,3.97,5.96,2,0.204061991,TRUE
25,"2510.0","ElderlyWoman",6.91,4,5.46,2,0.207513669,TRUE
26,"2501.0","Couple",6.89,3.09,5.63,2,0.208165135,TRUE
27,"1610.0","Rabbit",7.755,3.53,6.645,2,0.209582522,TRUE
28,"5910.0","Fireworks",7.8,5.59,5.56,2,0.230106902,TRUE
29,"5780.0","Nature",7.52,3.75,6.05,2,0.241508238,TRUE
30,"5779.0","Courtyard",7.33,3.57,6.96,2,0.26184323,TRUE
31,"1750.0","Bunnies",8.28,4.1,6.15,2,0.26563416,TRUE
32,"2650.0","Boy",7.27,4.28,5.74,2,0.272959888,TRUE
33,"2057.0","Father",7.81,4.54,6.76,2,0.274129359,TRUE
34,"4610.0","Romance",7.29,5.1,5.54,2,0.282564743,TRUE
35,"2035.0","Kid",7.52,3.69,6.2,2,0.284868598,TRUE
36,"5000.0","Flower",7.08,2.67,7.08,2,0.285318025,TRUE
37,"1590.0","Horse",7.21,4.77,5.58,2,0.2864767,TRUE
38,"5200.0","Flowers",7.36,3.2,6.21,2,0.287443329,TRUE
39,"1920.0","Porpoise",7.9,4.27,6.5,2,0.294102492,TRUE
40,"2091.0","Girls",7.68,4.51,6.79,2,0.294154118,TRUE
41,"1440.0","Seal",8.19,4.61,6.05,2,0.300186824,TRUE
42,"1620.0","Antelope",7.37,3.54,6.82,2,0.301887261,TRUE
43,"2314.0","Binoculars",7.55,4,6.17,2,0.315425303,TRUE
44,"5210.0","Seaside",8.03,4.6,6.19,2,0.327273511,TRUE
45,"8090.0","Gymnast",7.02,5.71,5.25,2,0.328009533,TRUE
46,"2370.0","ThreeMen",7.14,2.9,6.12,2,0.342472953,TRUE
47,"2165.0","Father",7.63,4.55,6.72,2,0.350898665,TRUE
48,"2660.0","Baby",7.75,4.44,6.44,2,0.358158048,TRUE
49,"2170.0","Mother",7.55,4.08,6.49,2,0.368151907,TRUE
50,"5829.0","Sunset",7.65,4.68,6.06,2,0.372544397,TRUE
51,"2058.0","Baby",7.91,5.09,6.67,2,0.37744521,TRUE
52,"4628.0","Wedding",7.23,5.19,5.57,2,0.37892916,TRUE
53,"4612.0","Couple",6.82,5.06,5.3,2,0.379152468,TRUE
54,"2151.0","Father/Child",7.32,4.37,5.9,2,0.381035061,FALSE
55,"2340.0","Family",8.03,4.9,6.18,2,0.383600406,FALSE
56,"2550.0","Couple",7.77,4.68,6.22,2,0.384171387,FALSE
57,"8370.0","Rafting",7.77,6.73,5.37,2,0.386594005,FALSE
58,"1500.0","Dog",7.24,4.12,6.97,2,0.387114352,FALSE
59,"5831.0","Seagulls",7.63,4.43,6.46,2,0.397194134,FALSE
60,"2311.0","Mother",7.54,4.42,6.16,2,0.399375697,FALSE
61,"1600.0","Horse",7.37,4.05,6.75,2,0.401792466,FALSE
62,"7570.0","Skyline",6.97,5.54,5.33,2,0.429363638,FALSE
63,"2274.0","Kids",7.47,4.22,6.35,2,0.435269515,FALSE
64,"2156.0","Family",7.12,4.34,5.82,2,0.466553964,FALSE
65,"2341.0","Children",7.38,4.11,6.44,2,0.473667228,FALSE
66,"8540.0","Athletes",7.48,5.16,5.88,2,0.475793366,FALSE
67,"5202.0","Garden",7.25,3.73,6.31,2,0.480331867,FALSE
68,"5480.0","Fireworks",7.53,5.48,5.8,2,0.484569434,FALSE
69,"2304.0","Girl",7.22,3.63,6.35,2,0.492653256,FALSE
70,"1710.0","Puppies",8.34,5.41,6.55,2,0.493046159,FALSE
71,"1811.0","Monkeys",7.62,5.12,6.07,2,0.495840811,FALSE
1,"9220.0","Cemetery",2.06,4,3.13,3,0.001106416,TRUE
2,"9000.0","Cemetery",2.55,4.06,3.25,3,0.002905535,TRUE
3,"9001.0","Cemetery",3.1,3.67,3.47,3,0.010288332,TRUE
4,"2205.0","Hospital",1.95,4.53,3.22,3,0.017999846,TRUE
5,"3230.0","DyingMan",2.02,5.41,2.93,3,0.05138815,TRUE
6,"9421.0","Soldier",2.21,5.04,3.32,3,0.067532115,TRUE
7,"3030.0","Mutilation",1.91,6.76,3.69,3,0.071314243,TRUE
8,"3130.0","Mutilation",1.58,6.97,3.46,3,0.07249136,TRUE
9,"2730.0","NativeBoy",2.45,6.8,3.94,3,0.077951334,TRUE
10,"9810.0","KKKrally",2.09,6.62,3.95,3,0.094333693,TRUE
11,"3071.0","Mutilation",1.88,6.86,3.28,3,0.10193917,TRUE
12,"3120.0","DeadBody",1.56,6.84,3.32,3,0.104260703,TRUE
13,"3400.0","SeveredHand",2.35,6.91,3.65,3,0.111773504,TRUE
14,"9921.0","Fire",2.04,6.52,3.57,3,0.118612592,TRUE
15,"9040.0","StarvingChild",1.67,5.82,3.1,3,0.134295473,TRUE
16,"9187.0","InjuredDog",1.81,6.45,3.17,3,0.144685577,TRUE
17,"9325.0","Vomit",1.89,6.01,3.22,3,0.145520889,TRUE
18,"3140.0","DeadBody",1.83,6.36,3.2,3,0.14598058,TRUE
19,"3195.0","Stitches",2.06,6.36,3.55,3,0.147774236,TRUE
20,"3100.0","BurnVictim",1.6,6.49,3,3,0.154825601,TRUE
21,"2352.2","BloodyKiss",2.09,6.25,3.45,3,0.168181943,TRUE
22,"3110.0","BurnVictim",1.79,6.7,3.04,3,0.168913902,TRUE
23,"9183.0","HurtDog",1.69,6.58,2.96,3,0.169141937,TRUE
24,"3103.0","Injury",2.07,6.06,3.37,3,0.17279913,TRUE
25,"9405.0","SlicedHand",1.83,6.08,3.4,3,0.186797657,TRUE
26,"6360.0","Attack",2.23,6.33,3.97,3,0.187216009,TRUE
27,"3350.0","Infant",1.88,5.72,3.38,3,0.187795359,TRUE
28,"6212.0","Soldier",2.19,6.01,3.45,3,0.200877158,TRUE
29,"9412.0","DeadMan",1.83,6.72,3,3,0.203116434,TRUE
30,"3060.0","Mutilation",1.79,7.12,2.97,3,0.203646087,TRUE
31,"9420.0","Soldier",2.31,5.69,3.27,3,0.212646319,TRUE
32,"6563.0","Attack",1.77,6.85,2.93,3,0.222131706,TRUE
33,"9570.0","Dog",1.68,6.14,3.37,3,0.22377472,TRUE
34,"6312.0","Abduction",2.48,6.37,3.83,3,0.228992218,TRUE
35,"2053.0","Baby",2.47,5.25,3.56,3,0.229345381,TRUE
36,"2900.0","CryingBoy",2.45,5.09,3.64,3,0.233753986,TRUE
37,"9911.0","CarAccident",2.3,5.76,3.54,3,0.235740316,TRUE
38,"9006.0","HIVTattoo",2.34,5.76,3.33,3,0.246161599,TRUE
39,"3150.0","Mutilation",2.26,6.55,3.39,3,0.246818746,TRUE
40,"3168.0","Mutilation",1.56,6,3.24,3,0.247610088,TRUE
41,"9910.0","CarAccident",2.06,6.2,3.02,3,0.249894348,TRUE
42,"9332.0","CryingWoman",2.25,5.34,3.63,3,0.253395258,TRUE
43,"2800.0","SadChild",1.78,5.49,3.4,3,0.25592123,TRUE
44,"6570.0","Suicide",2.19,6.24,4.03,3,0.260318122,TRUE
45,"9414.0","Execution",2.06,6.49,3.11,3,0.261128456,TRUE
46,"9560.0","DuckInOil",2.12,5.5,3.62,3,0.273714935,TRUE
47,"3550.1","PlaneCrash",2.35,6.29,3.47,3,0.283858117,TRUE
48,"3220.0","Hospital",2.49,5.52,3.53,3,0.293524114,TRUE
49,"9250.0","WarVictim",2.57,6.6,3.73,3,0.300509285,TRUE
50,"3212.0","Surgery",2.79,6.57,4.07,3,0.304435776,TRUE
51,"9500.0","Porpoises",2.42,5.82,3.42,3,0.310114665,TRUE
52,"9295.0","Garbage",2.39,5.11,3.74,3,0.317974389,TRUE
53,"9185.0","DeadDog",1.97,5.65,3.62,3,0.326299083,TRUE
54,"6243.0","AimedGun",2.33,5.99,3.23,3,0.331929419,FALSE
55,"9400.0","Soldier",2.5,5.99,3.78,3,0.335413046,FALSE
56,"9904.0","CarAccident",2.39,6.08,3.4,3,0.338493394,FALSE
57,"6838.0","Police",2.45,5.8,3.79,3,0.340064175,FALSE
58,"9163.0","Soldiers",2.1,6.53,3.04,3,0.363947627,FALSE
59,"6560.0","Attack",2.16,6.53,3.11,3,0.3683177,FALSE
60,"9184.0","InjuredDog",2.47,5.75,3.86,3,0.378061661,FALSE
61,"9432.0","Mastectomy",2.56,4.92,3.83,3,0.387364659,FALSE
62,"3550.0","Injury",2.54,5.92,3.64,3,0.389761316,FALSE
63,"9322.0","Vomit",2.24,5.73,3.87,3,0.395920654,FALSE
64,"9927.0","Flood",2.71,5.29,3.6,3,0.427846739,FALSE
65,"6821.0","Gang",2.38,6.29,3.29,3,0.440651181,FALSE
66,"9302.0","Toilet",2.32,5.58,3.9,3,0.446040252,FALSE
67,"3051.0","Mutilation",2.3,5.62,3.92,3,0.458651054,FALSE
68,"6242.0","Gang",2.69,5.43,3.49,3,0.464693208,FALSE
69,"6530.0","Attack",2.76,6.18,4.01,3,0.465829671,FALSE
70,"9326.0","Vomit",2.21,5.89,4.05,3,0.495433228,FALSE
71,"6570.1","Suicide",2.54,6.12,3.46,3,0.499523884,FALSE
1,"7010.0","Basket",4.94,1.76,6.7,4,0.008850402,TRUE
2,"7004.0","Spoon",5.04,2,6.74,4,0.009448474,TRUE
3,"7080.0","Fork",5.27,2.32,7.04,4,0.012002436,TRUE
4,"7031.0","Shoes",4.52,2.03,6.14,4,0.013146734,TRUE
5,"7217.0","ClothesRack",4.82,2.43,6.25,4,0.015045519,TRUE
6,"7175.0","Lamp",4.87,1.72,6.47,4,0.015718893,TRUE
7,"7110.0","Hammer",4.55,2.27,6.07,4,0.016139975,TRUE
8,"7950.0","Tissue",4.94,2.28,6.3,4,0.017274393,TRUE
9,"7090.0","Book",5.19,2.61,6.65,4,0.017283909,TRUE
10,"7035.0","Mug",4.98,2.66,6.39,4,0.017831097,TRUE
11,"7006.0","Bowl",4.88,2.33,6.18,4,0.019012979,TRUE
12,"5510.0","Mushroom",5.15,2.82,6.68,4,0.021727461,TRUE
13,"7705.0","Cabinet",4.77,2.65,6.39,4,0.024312502,TRUE
14,"7185.0","AbstractArt",4.97,2.64,6.13,4,0.024459873,TRUE
15,"7235.0","Chair",4.96,2.83,6.53,4,0.026016116,TRUE
16,"5130.0","Rocks",4.45,2.51,5.84,4,0.027960194,TRUE
17,"7233.0","Plate",5.09,2.77,6.23,4,0.028102958,TRUE
18,"7491.0","Building",4.82,2.39,5.93,4,0.029920612,TRUE
19,"7000.0","RollingPin",5,2.42,6.14,4,0.030622358,TRUE
20,"7025.0","Stool",4.63,2.71,6.1,4,0.030888533,TRUE
21,"2190.0","Man",4.83,2.41,5.92,4,0.031206898,TRUE
22,"2411.0","Girl",5.07,2.86,6.15,4,0.031324572,TRUE
23,"2890.0","Twins",4.95,2.95,5.99,4,0.032420648,TRUE
24,"7060.0","TrashCan",4.43,2.55,5.85,4,0.032561141,TRUE
25,"7012.0","Rubberbands",4.98,3,6.06,4,0.032703311,TRUE
26,"7009.0","Mug",4.93,3.01,6.33,4,0.034453437,TRUE
27,"2570.0","Man",4.78,2.76,5.72,4,0.034808634,TRUE
28,"2440.0","NeutGirl",4.49,2.63,5.97,4,0.036238652,TRUE
29,"7003.0","Disk",5,3.07,6.02,4,0.037140054,TRUE
30,"7020.0","Fan",4.97,2.17,6.16,4,0.03730284,TRUE
31,"7030.0","Iron",4.69,2.99,5.73,4,0.040477181,TRUE
32,"7050.0","HairDryer",4.93,2.75,5.82,4,0.042273915,TRUE
33,"7002.0","Towel",4.97,3.16,6.25,4,0.042539004,TRUE
34,"5534.0","Mushrooms",4.84,3.14,5.83,4,0.043319719,TRUE
35,"5520.0","Mushroom",5.33,2.95,6.43,4,0.045213537,TRUE
36,"5740.0","Plant",5.21,2.59,6.27,4,0.045390845,TRUE
37,"7034.0","Hammer",4.95,3.06,6.48,4,0.045655566,TRUE
38,"2381.0","Girl",5.25,3.04,6.28,4,0.046165738,TRUE
39,"7032.0","Shoes",4.82,3.18,5.9,4,0.047751403,TRUE
40,"7014.0","Scissors",5.15,3.25,6.21,4,0.048912648,TRUE
41,"7150.0","Umbrella",4.72,2.61,5.55,4,0.049213587,TRUE
42,"7040.0","DustPan",4.69,2.69,5.46,4,0.05248799,TRUE
43,"7160.0","Fabric",5.02,3.07,5.8,4,0.052682763,TRUE
44,"2002.0","Man",4.95,3.35,5.89,4,0.057468026,TRUE
45,"5530.0","Mushroom",5.38,2.87,6.42,4,0.057758337,TRUE
46,"7255.0","Cracker",5.07,3.36,5.92,4,0.060585468,TRUE
47,"9700.0","Trash",4.77,3.21,5.47,4,0.061725983,TRUE
48,"2880.0","Shadow",5.18,2.96,6.01,4,0.062044169,TRUE
49,"7019.0","Tools",5.2,3.36,6.19,4,0.062858766,TRUE
50,"2200.0","NeutFace",4.79,3.18,5.44,4,0.063036654,TRUE
51,"7187.0","AbstractArt",5.07,2.3,6.1,4,0.064265332,TRUE
52,"5500.0","Mushroom",5.42,3,6.45,4,0.064943909,TRUE
53,"7170.0","LightBulb",5.14,3.21,5.89,4,0.065886379,TRUE
54,"7045.0","Zipper",4.97,3.32,6.28,4,0.06669553,TRUE
55,"2214.0","NeutMan",5.01,3.46,5.98,4,0.069724741,TRUE
56,"7017.0","Video",5.18,3.12,5.93,4,0.070596476,TRUE
57,"2870.0","Teenager",5.31,3.01,6.17,4,0.074573231,TRUE
58,"2516.0","ElderlyWoman",4.9,3.5,5.54,4,0.083554984,TRUE
59,"7016.0","Razor",4.76,3.4,5.74,4,0.084649188,TRUE
60,"5533.0","Mushrooms",5.31,3.12,6.09,4,0.08756537,TRUE
61,"7207.0","Beads",5.15,3.57,6,4,0.088712254,TRUE
62,"7180.0","NeonBuilding",4.73,3.43,5.61,4,0.092602096,TRUE
63,"2514.0","Woman",5.19,3.5,5.85,4,0.094065433,TRUE
64,"9070.0","Boy",5.01,3.63,5.67,4,0.095819366,TRUE
65,"2383.0","Secretary",4.72,3.41,5.75,4,0.100191421,TRUE
66,"7062.0","Sewing",5.27,3.4,5.91,4,0.106009206,TRUE
67,"2850.0","Tourist",5.22,3,5.87,4,0.107415035,TRUE
68,"6150.0","Outlet",5.08,3.22,5.54,4,0.109172681,TRUE
69,"2385.0","Girl",5.2,3.64,5.86,4,0.111142448,TRUE
70,"2480.0","ElderlyMan",4.77,2.66,5.33,4,0.112492643,TRUE
71,"5531.0","Mushroom",5.15,3.69,6,4,0.112928617,TRUE
72,"2377.0","Reading",5.19,3.5,5.68,4,0.117168969,TRUE
73,"7100.0","FireHydrant",5.24,2.89,5.92,4,0.117868204,TRUE
74,"2495.0","Man",5.22,3.19,5.77,4,0.118781053,TRUE
75,"7184.0","AbstractArt",4.84,3.66,5.46,4,0.120432578,TRUE
76,"7700.0","Office",4.25,2.95,5.13,4,0.120958627,TRUE
77,"2215.0","NeutMan",4.63,3.38,5.68,4,0.122281002,TRUE
78,"2221.0","Judge",4.39,3.07,4.97,4,0.122352188,TRUE
79,"7287.0","Tomato",4.77,3.57,5.68,4,0.122983467,TRUE
80,"2210.0","NeutFace",4.54,3.32,5.13,4,0.127835768,TRUE
81,"2484.0","Amerindian",5,3.75,5.45,4,0.128073173,TRUE
82,"7130.0","Truck",4.77,3.35,5.08,4,0.130668702,TRUE
83,"2026.0","Woman",4.82,3.4,5.09,4,0.140113604,TRUE
84,"5532.0","Mushrooms",5.19,3.79,6.01,4,0.144400649,TRUE
85,"9360.0","EmptyPool",4.03,2.63,5.34,4,0.147352538,TRUE
86,"2830.0","Woman",4.73,3.64,5.33,4,0.148483434,TRUE
87,"2749.0","Smoking",5.04,3.76,5.35,4,0.148499391,TRUE
88,"5120.0","PineNeedles",4.39,3.07,5.69,4,0.155067623,TRUE
89,"7026.0","PicnicTable",5.38,2.63,6.19,4,0.165460169,TRUE
90,"9260.0","Hands",4.63,3.45,4.98,4,0.171522964,TRUE
91,"7001.0","Buttons",5.32,3.2,5.82,4,0.172941304,TRUE
92,"7205.0","Scarves",5.56,2.93,6.39,4,0.173528799,TRUE
93,"2840.0","Chess",4.91,2.43,5.56,4,0.176848159,TRUE
94,"8312.0","Golf",5.37,3.32,5.88,4,0.177717624,TRUE
95,"2702.0","BingeEating",5.21,3.92,5.7,4,0.17817781,TRUE
96,"5731.0","Flowers",5.39,2.74,6.13,4,0.181986523,TRUE
97,"7710.0","Bed",5.42,3.44,5.96,4,0.186108945,TRUE
98,"7224.0","FileCabinets",4.45,2.81,6.26,4,0.186127072,TRUE
99,"2308.0","GirlMakeup",5.22,3.82,5.5,4,0.186577362,TRUE
100,"1616.0","Bird",5.21,3.95,5.67,4,0.187330342,TRUE
101,"2390.0","Couple",5.4,3.57,5.89,4,0.194116455,TRUE
102,"7061.0","Puzzle",5.4,3.66,5.92,4,0.194325563,TRUE
103,"6570.2","BlowDry",4.86,3.85,5.66,4,0.194335934,TRUE
104,"4571.0","AttractiveMan",5.49,3.54,6.13,4,0.19929769,TRUE
105,"7182.0","Checkerboard",5.16,4.02,5.51,4,0.201770807,TRUE
106,"2101.0","Man",4.49,3.46,5.25,4,0.202587471,TRUE
107,"7512.0","Chess",5.38,3.72,5.84,4,0.204629065,TRUE
108,"2720.0","Urinating",5.43,3.43,5.92,4,0.211121735,TRUE
109,"2279.0","Braces",4.71,3.74,5.55,4,0.219889136,TRUE
110,"2487.0","Musician",5.2,4.05,5.81,4,0.232683627,TRUE
111,"5040.0","Venusflytrap",5.39,3.75,5.77,4,0.232862319,TRUE
112,"7354.0","Garlic",5.51,3.73,6.27,4,0.234245162,TRUE
113,"7590.0","Traffic",4.75,3.8,5.05,4,0.241998055,TRUE
114,"4000.0","Artist",4.82,3.97,5.35,4,0.250379826,TRUE
115,"7081.0","Luggage",5.36,3.96,5.76,4,0.253519409,FALSE
116,"5390.0","Boat",5.59,2.88,6.33,4,0.268367083,FALSE
117,"2211.0","Man",5.19,4.05,5.25,4,0.269105274,FALSE
118,"7237.0","AbstractArt",5.43,3.88,5.84,4,0.27475933,FALSE
119,"7513.0","Crochet",5.45,3.47,5.82,4,0.280392388,FALSE
120,"7830.0","Agate",5.26,4.08,5.36,4,0.281053682,FALSE
121,"7283.0","Fruit",5.5,3.81,6.05,4,0.281953074,FALSE
122,"7365.0","Meat",5.2,4.13,5.83,4,0.283844258,FALSE
123,"7018.0","Screw",4.81,3.91,5.71,4,0.287849053,FALSE
124,"7234.0","IroningBoard",4.23,2.96,5.73,4,0.307058152,FALSE
125,"2107.0","Male",5.53,3.72,5.92,4,0.333735279,FALSE
126,"7550.0","Office",5.27,3.95,5.22,4,0.335371559,FALSE
127,"7186.0","AbstractArt",4.63,3.6,5.88,4,0.341959995,FALSE
128,"9210.0","Rain",4.53,3.08,4.55,4,0.343202083,FALSE
129,"1122.0","Lizard",5.15,4.32,5.55,4,0.345409485,FALSE
130,"7300.0","Peanuts",5.64,3.25,6.2,4,0.366099577,FALSE
131,"7595.0","Traffic",4.55,3.77,5.28,4,0.372101993,FALSE
132,"2690.0","Terrorist",4.78,4.02,4.91,4,0.394452208,FALSE
133,"1350.0","Pig",5.25,4.37,5.6,4,0.397807426,FALSE
134,"2372.0","Woman",5.48,4.09,5.72,4,0.407018604,FALSE
135,"4274.0","AttractiveFem",5.42,4.18,5.47,4,0.414202374,FALSE
136,"5395.0","Boat",5.34,4.23,5.23,4,0.41780329,FALSE
137,"7096.0","Car",5.54,3.98,5.81,4,0.429451522,FALSE
138,"7285.0","Tomatoes",5.67,3.83,6.29,4,0.430578095,FALSE
139,"5535.0","Stilllife",4.81,4.11,5.61,4,0.431184735,FALSE
140,"2032.0","Makeup",5.58,4,6.14,4,0.433991823,FALSE
141,"7011.0","GasCan",4.52,3.81,4.99,4,0.434475937,FALSE
142,"7033.0","Train",5.4,3.99,5.32,4,0.436027373,FALSE
143,"7820.0","Agate",5.39,4.21,5.3,4,0.439506463,FALSE
144,"2575.0","Propeller",5.46,4.16,6.11,4,0.45369198,FALSE
145,"4573.0","AttractiveMale",5.49,3.96,5.54,4,0.456100952,FALSE
146,"7211.0","Clock",4.81,4.2,4.99,4,0.458154929,FALSE
147,"2309.0","GirlCow",4.89,4.33,5.39,4,0.467166493,FALSE
148,"4605.0","Couple",5.59,3.84,5.83,4,0.474813621,FALSE
149,"2485.0","Man",5.69,3.74,6.12,4,0.49230731,FALSE
150,"7021.0","Whistle",5.21,4.17,6.22,4,0.50896079,FALSE
151,"4004.0","EroticFemale",5.14,4.44,5.75,4,0.544323125,FALSE
152,"2122.0","TongueOut",5.15,4.59,5.49,4,0.553508061,FALSE
1,"4232.0","EroticFemale",5.95,6.28,5.69,5,0.00011441,TRUE
2,"7240.0","Gym",6.02,5.51,6.37,5,0.000248908,TRUE
3,"4300.0","EroticFemale",5.7,5.99,5.55,5,0.000606442,TRUE
4,"4672.0","EroticCouple",6,6.29,5.38,5,0.000767947,TRUE
5,"4693.0","EroticCouple",6.16,6.57,5.46,5,0.000938276,TRUE
6,"4651.0","EroticCouple",6.32,6.34,5.8,5,0.001126242,TRUE
7,"4683.0","EroticCouple",6.17,6.62,5.39,5,0.001337013,TRUE
8,"4669.0","EroticCouple",5.97,6.11,5.34,5,0.001367096,TRUE
9,"4692.0","EroticCouple",5.87,6.39,5.15,5,0.001390269,TRUE
10,"8117.0","Hockey",6.02,5.3,6.07,5,0.001851148,TRUE
11,"4800.0","EroticCouple",6.44,7.07,5.51,5,0.002318753,TRUE
12,"4666.0","EroticCouple",6.24,6.1,5.55,5,0.002512845,TRUE
13,"4310.0","EroticFemale",6.04,5.42,5.77,5,0.002519993,TRUE
14,"4505.0","AttractiveMale",6.21,5.52,5.76,5,0.002530742,TRUE
15,"4664.0","EroticCouple",6.61,6.72,5.96,5,0.002859151,TRUE
16,"4698.0","EroticCouple",6.5,6.72,5.7,5,0.00293259,TRUE
17,"9156.0","Plane",6.43,5.79,6.04,5,0.002968012,TRUE
18,"7279.0","Alcohol",6.22,5.19,5.97,5,0.003002176,TRUE
19,"4604.0","EroticCouple",5.98,6.09,5.21,5,0.0034662,TRUE
20,"5622.0","Shark",6.33,5.34,5.94,5,0.003817661,TRUE
21,"4535.0","Weightlifter",6.27,4.95,6.2,5,0.003835107,TRUE
22,"4668.0","EroticCouple",6.67,7.13,5.73,5,0.003868514,TRUE
23,"4085.0","EroticFemale",5.71,5.77,5.43,5,0.004105536,TRUE
24,"7289.0","Food",6.32,5.14,6.02,5,0.004135842,TRUE
25,"4533.0","AttractiveMan",6.22,5.01,5.91,5,0.005032595,TRUE
26,"5628.0","Mountains",6.51,5.46,6.28,5,0.005597103,TRUE
27,"4658.0","EroticCouple",6.62,6.47,5.86,5,0.005624331,TRUE
28,"4697.0","EroticCouple",6.22,6.62,5.21,5,0.005655443,TRUE
29,"4007.0","AttractiveFem",6.26,5.63,5.57,5,0.005895486,TRUE
30,"4653.0","EroticCouple",6.56,5.83,6.07,5,0.006142509,TRUE
31,"4008.0","EroticFemale",5.91,5.66,5.34,5,0.00654752,TRUE
32,"4656.0","EroticCouple",6.73,6.41,6.1,5,0.007238519,TRUE
33,"8220.0","Runners",6.5,5.19,6.28,5,0.007330674,TRUE
34,"7477.0","Sushi",6.12,4.82,6.25,5,0.007471746,TRUE
35,"4652.0","EroticCouple",6.79,6.62,6.1,5,0.007501411,TRUE
36,"4611.0","EroticCouple",6.62,6.04,5.99,5,0.007727901,TRUE
37,"8060.0","Boxer",5.36,5.31,5.92,5,0.007753321,TRUE
38,"7440.0","Cookout",6.32,4.7,5.98,5,0.008659384,TRUE
39,"8118.0","Rugby",6.14,4.9,5.77,5,0.008841083,TRUE
40,"8250.0","Motorcyclist",6.19,5.04,5.63,5,0.009486356,TRUE
41,"7461.0","FrenchFries",5.8,5.2,5.88,5,0.009730296,TRUE
42,"8280.0","Diver",6.38,5.05,5.85,5,0.010080757,TRUE
43,"7281.0","Food",6.4,4.41,6.46,5,0.010611379,TRUE
44,"8260.0","Motorcyclist",6.18,5.85,5.29,5,0.010741639,TRUE
45,"7650.0","City",6.62,6.15,5.79,5,0.011135755,TRUE
46,"5626.0","HangGlider",6.71,6.1,6,5,0.011725116,TRUE
47,"7475.0","Shrimp",6.33,4.17,6.34,5,0.012139363,TRUE
48,"7402.0","Pastry",5.98,5.05,5.75,5,0.012536915,TRUE
49,"4325.0","AttractiveFem",5.96,5.18,5.58,5,0.012664653,TRUE
50,"7450.0","Cheeseburger",6.4,5.05,5.81,5,0.012921381,TRUE
51,"7505.0","Cards",6.1,4.72,5.95,5,0.013146916,TRUE
52,"4606.0","Romance",6.55,5.11,6.09,5,0.014097422,TRUE
53,"7286.0","Pancakes",6.36,4.44,5.97,5,0.014189444,TRUE
54,"2374.0","Woman",6.29,3.86,6.21,5,0.014288896,TRUE
55,"6250.2","IceCream",6.32,5.13,5.63,5,0.014415188,TRUE
56,"4687.0","EroticCouple",6.87,6.51,6.04,5,0.014462735,TRUE
57,"8065.0","Kickboxing",5.25,5.71,5.52,5,0.014729955,TRUE
58,"4090.0","Bikini",6.17,5.39,5.37,5,0.015135225,TRUE
59,"2056.0","Diving",6.34,4.63,5.83,5,0.015158895,TRUE
60,"8161.0","HangGlider",6.71,6.09,5.89,5,0.015261084,TRUE
61,"8032.0","IceSkater",6.38,4.19,6.1,5,0.01552864,TRUE
62,"2389.0","Teens",6.61,5.63,5.9,5,0.015886995,TRUE
63,"4617.0","EroticFemale",6.6,5.19,6.13,5,0.016044352,TRUE
64,"1942.0","Turtles",6.26,4.01,5.95,5,0.016046232,TRUE
65,"4532.0","AttractiveMan",6.4,4.15,6.16,5,0.016073049,TRUE
66,"2010.0","Adult",6.25,3.32,6.24,5,0.016396764,TRUE
67,"4810.0","EroticCouple",6.56,6.66,5.41,5,0.016524836,TRUE
68,"8041.0","Diver",6.65,5.49,6.05,5,0.017001827,TRUE
69,"1850.0","Camels",6.15,4.06,5.94,5,0.018176883,TRUE
70,"8158.0","Hiker",6.53,6.49,5.41,5,0.018324315,TRUE
71,"8050.0","Rower",6.24,4.31,6.67,5,0.018693996,TRUE
72,"2620.0","Woman",5.93,2.72,6.11,5,0.019242574,TRUE
73,"2270.0","NeutChild",6.28,3.15,6.49,5,0.019291261,TRUE
74,"2392.0","ManW/Fish",6.15,3.85,6.03,5,0.019329421,TRUE
75,"4659.0","EroticCouple",6.87,6.93,5.67,5,0.019351295,TRUE
76,"4690.0","EroticCouple",6.83,6.06,6.12,5,0.019380823,TRUE
77,"5665.0","Building",6.15,4.02,5.78,5,0.019989924,TRUE
78,"4100.0","MaleDancers",6.11,4.39,5.93,5,0.019996415,TRUE
79,"7600.0","Dragon",5.9,5.5,5.22,5,0.020249502,TRUE
80,"7451.0","Hamburger",6.68,5.84,5.85,5,0.020430591,TRUE
81,"8031.0","Skier",6.76,5.58,6.36,5,0.02045284,TRUE
82,"7481.0","Food",6.53,4.92,5.97,5,0.020604963,TRUE
83,"2217.0","Class",6.24,4.08,5.8,5,0.020636022,TRUE
84,"5726.0","Grain",6.23,2.84,6.15,5,0.02076035,TRUE
85,"7507.0","Painting",6.25,3.54,5.98,5,0.020777275,TRUE
86,"2342.0","Children",6.2,4.06,5.76,5,0.021204407,TRUE
87,"7515.0","Crowd",6.19,5.48,5.3,5,0.021269112,TRUE
88,"1560.0","Hawk",5.97,5.51,5.18,5,0.021499495,TRUE
89,"2616.0","Dancer",5.97,4.96,5.58,5,0.021574302,TRUE
90,"1595.0","Pony",6.22,4.79,5.54,5,0.021606535,TRUE
91,"2092.0","Clowns",6.28,4.32,5.75,5,0.021912465,TRUE
92,"4681.0","EroticCouple",6.69,6.68,5.5,5,0.02208943,TRUE
93,"7238.0","AbstractArt",6.43,4.17,6.06,5,0.022188917,TRUE
94,"8116.0","Football",6.82,5.97,6.06,5,0.022574324,TRUE
95,"7352.0","Pizza",6.2,4.58,5.58,5,0.022626187,TRUE
96,"7320.0","Desserts",6.54,4.44,6.22,5,0.023204661,TRUE
97,"2630.0","Male",6.35,3.92,5.97,5,0.023646765,TRUE
98,"4609.0","Couple",6.71,5.54,6,5,0.024643895,TRUE
99,"2034.0","Cheerleaders",5.9,4.93,5.79,5,0.025773689,TRUE
100,"7284.0","Fruit",6.21,4.06,6.45,5,0.026783596,TRUE
101,"4670.0","EroticCouple",6.99,6.74,5.85,5,0.026845225,TRUE
102,"2560.0","Picnic",6.34,3.49,6.06,5,0.026981827,TRUE
103,"2019.0","AttractiveFem",6.07,4.31,5.89,5,0.02704366,TRUE
104,"5020.0","Flower",6.32,2.63,6.67,5,0.027378027,TRUE
105,"4071.0","AttractiveFem",5.97,5.14,5.31,5,0.027981253,TRUE
106,"5410.0","Violinist",6.11,3.29,6.28,5,0.028206745,TRUE
107,"8033.0","IceSkater",6.66,5.01,6.12,5,0.028352213,TRUE
108,"8001.0","Basketball",6.5,5.6,5.57,5,0.02847051,TRUE
109,"1670.0","Cow",6.315,3.19,6.08,5,0.029075506,TRUE
110,"7195.0","Teeth",6.02,4.54,5.78,5,0.029299344,TRUE
111,"2302.0","ChildCamera",6.43,3.64,6.18,5,0.029569136,TRUE
112,"2511.0","Woman",6.21,3.41,5.81,5,0.031560093,TRUE
113,"4608.0","EroticCouple",7.07,6.47,6.25,5,0.031696451,TRUE
114,"4607.0","EroticCouple",7.03,6.34,6.14,5,0.033838638,TRUE
115,"1450.0","Gannet",6.37,2.83,6.75,5,0.033973526,TRUE
116,"4001.0","EroticFemale",5.24,5.24,5.74,5,0.03416971,TRUE
117,"4320.0","EroticFemale",6.01,5.11,5.24,5,0.036549621,TRUE
118,"4619.0","Romance",6.46,5.09,5.62,5,0.036965313,TRUE
119,"8034.0","Skier",7.06,6.3,6.26,5,0.037423973,TRUE
120,"7496.0","Street",5.92,4.84,5.55,5,0.037700487,TRUE
121,"1602.0","Butterfly",6.5,3.43,6.41,5,0.039438205,TRUE
122,"8206.0","Surfers",6.43,6.41,5.19,5,0.039620543,TRUE
123,"5875.0","Bicyclist",6.03,3.29,6.19,5,0.041085204,TRUE
124,"2320.0","Girl",6.17,2.9,6.66,5,0.041526433,TRUE
125,"2240.0","NeutChild",6.53,3.75,6.23,5,0.042741454,TRUE
126,"2000.0","Adult",6.51,3.32,6.65,5,0.045293529,TRUE
127,"8021.0","Skier",6.79,5.67,5.85,5,0.045813084,TRUE
128,"7165.0","BathRoom",6.09,3.5,6.3,5,0.047739169,TRUE
129,"7282.0","Cake",6.72,4.77,6.16,5,0.047843447,TRUE
130,"4601.0","Romance",6.82,5.08,6.37,5,0.047930475,TRUE
131,"1121.0","Lizard",5.79,4.83,5.89,5,0.050558482,TRUE
132,"5849.0","Flowers",6.65,4.89,5.9,5,0.050825227,TRUE
133,"7489.0","Ferrry",6.54,4.49,5.85,5,0.051885306,TRUE
134,"5250.0","Nature",6.08,3.64,5.5,5,0.052670252,TRUE
135,"4575.0","AttractiveMale",6.49,4.82,5.66,5,0.053121076,TRUE
136,"8320.0","CarRacer",6.24,4.27,5.51,5,0.053759506,TRUE
137,"5593.0","Sky",6.47,3.98,5.89,5,0.054545321,TRUE
138,"2500.0","Man",6.16,3.61,5.57,5,0.054852949,TRUE
139,"7490.0","Window",5.52,2.42,5.81,5,0.056529746,TRUE
140,"4530.0","EroticMale",6.19,5.31,5.19,5,0.056803793,TRUE
141,"2580.0","Chess",5.71,2.79,5.88,5,0.05851313,TRUE
142,"4470.0","EroticMale",5.87,4.81,5.45,5,0.0586365,TRUE
143,"1659.0","Gorilla",6.57,4.89,5.71,5,0.062267503,TRUE
144,"2250.0","NeutBaby",6.64,4.19,6.85,5,0.063095157,TRUE
145,"5215.0","Harbor",6.83,5.4,5.92,5,0.064725614,TRUE
146,"8340.0","Plane",6.85,5.8,5.77,5,0.065365713,TRUE
147,"7499.0","Concert",6.47,5.58,5.37,5,0.066546393,TRUE
148,"2155.0","Pregnant",6.78,5.43,5.81,5,0.066602464,TRUE
149,"4536.0","AttractiveMan",6.01,3.95,6.09,5,0.067802511,TRUE
150,"7900.0","Violin",6.5,2.6,6.48,5,0.068222637,TRUE
151,"5629.0","Hiker",7.03,6.55,5.68,5,0.068235324,TRUE
152,"2791.0","Balloons",6.64,3.83,6.25,5,0.069673019,TRUE
153,"8311.0","Golfer",5.88,3.57,5.8,5,0.069812955,TRUE
154,"7501.0","City",6.85,5.63,5.82,5,0.069966635,TRUE
155,"5994.0","Skyline",6.8,4.61,6.56,5,0.070507069,TRUE
156,"2359.0","Mother/Child",5.87,3.94,5.49,5,0.072740061,TRUE
157,"2303.0","Children",6.83,5.53,5.81,5,0.074469882,TRUE
158,"7095.0","Headlight",5.99,4.21,6.17,5,0.075670988,TRUE
159,"4490.0","EroticMale",6.27,6.06,5.03,5,0.075821408,TRUE
160,"2344.0","Children",6.72,4.71,5.96,5,0.076060907,TRUE
161,"8465.0","Runner",5.96,3.93,5.97,5,0.078279612,TRUE
162,"7509.0","Paintbrush",6.03,3.43,6.31,5,0.080428192,TRUE
163,"4520.0","EroticMale",6.6,5.14,5.605,5,0.081378147,TRUE
164,"4130.0","EroticFemales",5.36,5.15,5.57,5,0.083422292,TRUE
165,"4003.0","EroticFemale",5.48,5.09,5.59,5,0.083686431,TRUE
166,"4689.0","EroticCouple",6.9,6.21,5.6,5,0.084553394,TRUE
167,"8208.0","Surfer",6.79,5.17,5.85,5,0.084978014,TRUE
168,"2352.0","Kiss",6.94,4.99,6.32,5,0.092135297,TRUE
169,"7140.0","Bus",5.5,2.92,5.45,5,0.095161288,TRUE
170,"2060.0","Baby",6.49,3.8,5.81,5,0.096111998,TRUE
171,"5750.0","Nature",6.6,3.14,6.82,5,0.097071569,TRUE
172,"4599.0","Romance",7.12,5.69,6.49,5,0.097442492,TRUE
173,"2515.0","Harvest",6.09,3.8,6.52,5,0.098264703,TRUE
174,"8600.0","Mascot",6.38,4.26,5.54,5,0.098826427,TRUE
175,"8500.0","Gold",6.96,5.6,5.87,5,0.101888625,TRUE
176,"8130.0","PoleVaulter",6.58,5.49,5.43,5,0.102194035,TRUE
177,"4613.0","Condom",5.34,4.66,6.16,5,0.102542551,TRUE
178,"8163.0","Parachute",7.14,6.53,5.69,5,0.102649616,TRUE
179,"8162.0","HotAirBalloon",6.97,4.98,6.37,5,0.103616079,TRUE
180,"4680.0","EroticCouple",7.25,6.02,6.27,5,0.103860849,TRUE
181,"7660.0","Crowd",6.61,5.59,5.42,5,0.109334232,TRUE
182,"7530.0","House",6.71,4,6.09,5,0.11000901,TRUE
183,"5030.0","Flower",6.51,2.74,7.03,5,0.111345485,TRUE
184,"4660.0","EroticCouple",7.4,6.58,5.96,5,0.113074393,TRUE
185,"2900.2","SmilingGirl",6.62,4.52,5.73,5,0.115939532,TRUE
186,"1605.0","Butterfly",6.59,3.43,6.02,5,0.119448218,TRUE
187,"7460.0","FrenchFries",6.81,5.12,5.78,5,0.121456659,TRUE
188,"5455.0","Cockpit",5.79,4.56,5.63,5,0.121986869,TRUE
189,"5623.0","Windsurfers",7.19,5.67,6.45,5,0.123968582,TRUE
190,"5900.0","Desert",5.93,4.38,5.16,5,0.12502639,TRUE
191,"1910.0","Grouper",6.71,3.29,6.44,5,0.126606747,TRUE
192,"2655.0","Child",6.88,4.57,6.14,5,0.126794725,TRUE
193,"8531.0","SportCar",7.03,5.41,6.77,5,0.128736401,TRUE
194,"1722.0","Jaguars",7.04,5.22,6.12,5,0.130093373,TRUE
195,"5621.0","SkyDivers",7.57,6.99,5.81,5,0.132288684,TRUE
196,"4597.0","Romance",6.95,5.91,5.64,5,0.133748326,TRUE
197,"7390.0","IceCream",6.84,4.56,6.02,5,0.133817811,TRUE
198,"1900.0","Fish",6.65,3.46,6.07,5,0.137838517,TRUE
199,"2521.0","ManW/Dog",5.78,4.1,5.43,5,0.138534994,TRUE
200,"2300.0","AttractiveFem",7.04,5.55,5.89,5,0.139441892,TRUE
201,"7400.0","Candy",7,5.06,6.07,5,0.141429575,TRUE
202,"7220.0","Pastry",6.91,5.3,5.8,5,0.141880255,TRUE
203,"7495.0","Store",5.9,3.82,6.04,5,0.144229736,TRUE
204,"2600.0","Beer",5.84,4.16,5.84,5,0.14895508,TRUE
205,"2488.0","Musician",5.73,3.91,5.4,5,0.159396149,TRUE
206,"4150.0","AttractiveFem",6.53,4.86,5.45,5,0.161398121,TRUE
207,"8200.0","WaterSkier",7.54,6.35,6.17,5,0.161525259,TRUE
208,"2018.0","VeiledWoman",5.56,4.92,5.5,5,0.164141888,TRUE
209,"4600.0","Romance",6.41,4.83,5.33,5,0.166011591,TRUE
210,"6910.0","Bomber",5.31,5.62,5.1,5,0.167935691,TRUE
211,"7503.0","CardDealer",5.77,4.21,5.59,5,0.17447622,TRUE
212,"4640.0","Romance",7.18,5.52,6.03,5,0.174692012,TRUE
213,"4750.0","NudeFemale",5.57,4.9,5.48,5,0.17539004,TRUE
214,"7620.0","Jet",5.78,4.92,5.07,5,0.175616764,TRUE
215,"7351.0","Pizza",5.82,4.25,6,5,0.177342597,TRUE
216,"1660.0","Gorilla",6.49,4.57,5.46,5,0.177556158,TRUE
217,"1601.0","Giraffes",6.86,3.92,6.24,5,0.177638915,TRUE
218,"5199.0","Garden",6.93,4.7,5.99,5,0.177756864,TRUE
219,"1640.0","Coyote",6.215,5.155,5.065,5,0.183947788,TRUE
220,"8232.0","Boxer",5.07,5.1,5.57,5,0.186042591,TRUE
221,"4460.0","EroticMale",5.6,4.94,5.34,5,0.188149599,TRUE
222,"8120.0","Athlete",7.09,4.85,6.23,5,0.192963495,TRUE
223,"2208.0","Bride",7.35,5.68,6.21,5,0.197549219,TRUE
224,"4603.0","Romance",7.1,4.89,6.2,5,0.197634994,TRUE
225,"4641.0","Romance",7.2,5.43,6.01,5,0.208269482,TRUE
226,"5800.0","Leaves",6.36,2.51,5.72,5,0.209678591,TRUE
227,"8040.0","Diver",6.64,5.61,5.31,5,0.209956445,TRUE
228,"8080.0","Sailing",7.73,6.65,5.91,5,0.210452165,TRUE
229,"2384.0","Fisherman",5.92,3.41,6.32,5,0.211502064,TRUE
230,"7350.0","Pizza",7.1,4.97,6.72,5,0.21295369,TRUE
231,"4005.0","EroticFemale",5.43,5.02,5.39,5,0.216123852,TRUE
232,"2036.0","Woman",5.8,3.24,6.1,5,0.217271808,TRUE
233,"7410.0","Candy",6.91,4.55,5.92,5,0.220013702,TRUE
234,"1510.0","Dog",7.01,4.28,6.29,5,0.222156586,FALSE
235,"5720.0","Farmland",6.31,2.79,5.58,5,0.234598143,FALSE
236,"4275.0","AttractiveFem",5.7,4.41,5.67,5,0.23476,FALSE
237,"8185.0","Skydivers",7.57,7.27,5.47,5,0.235311502,FALSE
238,"7545.0","Ocean",6.84,3.28,6.75,5,0.241004455,FALSE
239,"4650.0","EroticCouple",6.96,5.67,5.56,5,0.242504951,FALSE
240,"7230.0","Turkey",7.38,5.52,6.21,5,0.243331293,FALSE
241,"2518.0","Quilting",5.67,3.31,5.8,5,0.245582078,FALSE
242,"2075.0","Baby",7.32,5.27,6.42,5,0.249237549,FALSE
243,"8502.0","Money",7.51,5.78,6.4,5,0.250673773,FALSE
244,"1603.0","Butterfly",6.9,3.37,6.57,5,0.255531863,FALSE
245,"8501.0","Money",7.91,6.44,6.05,5,0.258318233,FALSE
246,"1340.0","Women",7.13,4.75,6.13,5,0.260192732,FALSE
247,"4500.0","AttractiveMan",5.7,3.68,5.72,5,0.266107801,FALSE
248,"8470.0","Gymnast",7.74,6.14,6.17,5,0.267272755,FALSE
249,"2216.0","Children",7.57,5.83,6.41,5,0.268806685,FALSE
250,"4614.0","Romance",7.15,4.67,6.62,5,0.269744894,FALSE
251,"2030.0","Woman",6.71,4.54,5.6,5,0.269798539,FALSE
252,"7260.0","Torte",7.21,5.11,6.03,5,0.27477154,FALSE
253,"2391.0","Boy",7.11,4.63,6.11,5,0.276389998,FALSE
254,"8496.0","WaterSlide",7.58,5.79,6.33,5,0.276626494,FALSE
255,"7405.0","Cupcakes",7.38,6.28,5.67,5,0.28272034,FALSE
256,"2345.0","Children",7.41,5.42,6.51,5,0.2840123,FALSE
257,"1313.0","Frog",5.65,4.39,5.91,5,0.28402233,FALSE
258,"8461.0","HappyTeens",7.22,4.69,6.36,5,0.294303914,FALSE
259,"8325.0","RaceCars",5.63,4.47,5.53,5,0.297126003,FALSE
260,"2352.1","Kiss",7.27,5.16,6.04,5,0.300169576,FALSE
261,"8490.0","RollerCoaster",7.2,6.68,5.37,5,0.307632313,FALSE
262,"1410.0","Ferret",7,4.17,6.05,5,0.307979981,FALSE
263,"4220.0","EroticFemale",7.31,6.175,5.615,5,0.313339051,FALSE
264,"7470.0","Pancakes",7.08,4.64,5.96,5,0.317812317,FALSE
265,"1740.0","Owl",6.91,4.27,5.85,5,0.324523104,FALSE
266,"2489.0","Musician",5.66,3.8,5.67,5,0.335605153,FALSE
267,"2351.0","NursingBaby",5.49,4.74,5.41,5,0.343898744,FALSE
268,"4534.0","MaleDancer",5.7,4.16,6.08,5,0.348346573,FALSE
269,"2158.0","Children",7.31,5,6.08,5,0.350104777,FALSE
270,"1812.0","Elephants",6.83,3.6,5.91,5,0.354764077,FALSE
271,"8210.0","Boat",7.53,5.94,5.82,5,0.362107667,FALSE
272,"7510.0","Skyscraper",6.05,4.52,4.96,5,0.36249413,FALSE
273,"5201.0","Nature",7.06,3.83,6.73,5,0.364088625,FALSE
274,"7500.0","Building",5.33,3.26,5.17,5,0.365802645,FALSE
275,"7190.0","Clock",5.55,3.84,5.3,5,0.367381508,FALSE
276,"7325.0","Watermelon",7.06,3.55,6.56,5,0.373302871,FALSE
277,"2209.0","Bride",7.64,5.59,6.53,5,0.37451667,FALSE
278,"8330.0","Winner",6.65,4.06,5.56,5,0.374570967,FALSE
279,"7270.0","IceCream",7.53,5.76,5.88,5,0.378041079,FALSE
280,"8350.0","TennisPlayer",7.18,5.18,5.78,5,0.380236876,FALSE
281,"2331.0","Chef",7.24,4.3,6.37,5,0.387101684,FALSE
282,"7430.0","Candy",7.11,4.72,5.86,5,0.388124783,FALSE
283,"7280.0","Wines",7.2,4.46,6.1,5,0.389370074,FALSE
284,"7502.0","Castle",7.75,5.91,6.64,5,0.389462087,FALSE
285,"7480.0","Pasta",7.08,4.55,5.88,5,0.391992859,FALSE
286,"4616.0","Romance",6.86,4.43,5.66,5,0.401070259,FALSE
287,"2020.0","Adult",5.68,3.34,5.99,5,0.402027098,FALSE
288,"5001.0","Sunflower",7.16,3.79,6.49,5,0.4169743,FALSE
289,"8300.0","Pilot",7.02,6.14,5.31,5,0.422864079,FALSE
290,"8170.0","Sailboat",7.63,6.12,5.72,5,0.425082973,FALSE
291,"1630.0","Fawn",7.26,4.45,6.12,5,0.430585188,FALSE
292,"1463.0","Kittens",7.45,4.79,6.43,5,0.430962861,FALSE
293,"5725.0","Field",7.09,3.55,6.23,5,0.442813791,FALSE
294,"8420.0","Tubing",7.76,5.56,6.05,5,0.44904628,FALSE
295,"8380.0","Athletes",7.56,5.74,5.8,5,0.451632192,FALSE
296,"8497.0","CarnivalRide",7.26,4.19,6.22,5,0.454622282,FALSE
297,"2347.0","Children",7.83,5.56,6.54,5,0.456413433,FALSE
298,"2160.0","Father",7.58,5.16,6.12,5,0.457021866,FALSE
299,"1999.0","Mickey",7.43,4.77,6.64,5,0.465028809,FALSE
300,"2310.0","Mother",7.06,4.16,5.89,5,0.468209832,FALSE
301,"3550.2","Coach",4.92,5.13,5.38,5,0.476664315,FALSE
302,"2382.0","Artist",5.67,3.75,5.97,5,0.479792108,FALSE
303,"1604.0","Butterfly",7.11,3.3,6.69,5,0.483203597,FALSE
304,"2045.0","Baby",7.87,5.47,6.1,5,0.484841299,FALSE
305,"2273.0","Boy",5.41,3.52,5.31,5,0.489321351,FALSE
306,"1903.0","Shrimp",5.5,4.25,6.01,5,0.490503617,FALSE
307,"1540.0","Cat",7.15,4.54,7.01,5,0.493235752,FALSE
308,"7183.0","Checkerboard",5.58,3.78,5.71,5,0.506080704,FALSE
309,"7077.0","Stove",5.12,4.61,5.6,5,0.516598283,FALSE
310,"2220.0","MaleFace",5.03,4.93,5.32,5,0.552986319,FALSE
311,"7476.0","Ramen",4.99,4.63,5.45,5,0.658077897,FALSE
